"1","宁波联合","600051","1","浙江","10/4/1997","3/12/2019","0"
"2","罗顿发展","600209","1",,"3/12/2019","3/12/2019","0"
"3","江泉实业","600212","1","山东","17/8/1999","3/12/2019","0"
"4","广汇能源","600256","1","新疆","26/5/2000","3/12/2019","0"
"5","祥源文化","600576","1","浙江","20/2/2003","3/12/2019","0"
"6","广汇物流","600603","1","四川","13/1/1992","3/12/2019","0"
"7","鹏起科技","600614","1",,"3/12/2019","3/12/2019","0"
"8","天宸股份","600620","1","上海","17/11/1992","3/12/2019","0"
"9","光大嘉宝","600622","1","上海","3/12/1992","3/12/2019","0"
"10","复旦复华","600624","1","上海","5/1/1993","3/12/2019","0"
"11","同达创业","600647","1","上海","4/5/1993","3/12/2019","0"
"12","退市博元","600656","1",,"19/12/1990","12/5/2016","1"
"13","刚泰控股","600687","1",,"3/12/2019","3/12/2019","0"
"14","工大高新","600701","1",,"3/12/2019","3/12/2019","0"
"15","中国高科","600730","1","北京","26/7/1996","3/12/2019","0"
"16","综艺股份","600770","1","江苏","20/11/1996","3/12/2019","0"
"17","新潮能源","600777","1","山东","21/11/1996","3/12/2019","0"
"18","天津磁卡","600800","1","天津","6/12/1993","3/12/2019","0"
"19","悦达投资","600805","1","江苏","3/1/1994","3/12/2019","0"
"20","东方集团","600811","1","黑龙江","6/1/1994","3/12/2019","0"
"21","东方明珠","600832","1",,"3/12/2019","3/12/2019","0"
"22","同济科技","600846","1","上海","11/3/1994","3/12/2019","0"
"23","大晟文化","600892","1","深圳","15/3/1996","3/12/2019","0"
"24","神州高铁","000008","1","北京","7/5/1992","3/12/2019","0"
"25","东方市场","000301","1",,"3/12/2019","3/12/2019","0"
"26","广东甘化","000576","1","广东","7/9/1994","3/12/2019","0"
"27","三木集团","000632","1","福建","21/11/1996","3/12/2019","0"
"28","合金投资","000633","1","新疆","12/11/1996","3/12/2019","0"
"29","泰达股份","000652","1","天津","28/11/1996","3/12/2019","0"
"30","厦门信达","000701","1","福建","26/2/1997","3/12/2019","0"
"31","中信国安","000839","1","北京","31/10/1997","3/12/2019","0"
"32","中广核技","000881","1","辽宁","2/9/1998","3/12/2019","0"
"33","数源科技","000909","1","浙江","7/5/1999","3/12/2019","0"
"34","ST东北高","600003","2",,"10/8/1999","26/2/2010","1"
"35","皖通高速","600012","2","安徽","7/1/2003","3/12/2019","0"
"36","中原高速","600020","2","河南","8/8/2003","3/12/2019","0"
"37","福建高速","600033","2","福建","9/2/2001","3/12/2019","0"
"38","楚天高速","600035","2","湖北","10/3/2004","3/12/2019","0"
"39","重庆路桥","600106","2","重庆","18/6/1997","3/12/2019","0"
"40","赣粤高速","600269","2","江西","18/5/2000","3/12/2019","0"
"41","山东高速","600350","2","山东","18/3/2002","3/12/2019","0"
"42","五洲交通","600368","2","广西","21/12/2000","3/12/2019","0"
"43","宁沪高速","600377","2","江苏","16/1/2001","3/12/2019","0"
"44","深高速","600548","2","深圳","25/12/2001","3/12/2019","0"
"45","四川成渝","601107","2","四川","27/7/2009","3/12/2019","0"
"46","龙江交通","601188","2","黑龙江","19/3/2010","3/12/2019","0"
"47","吉林高速","601518","2","吉林","19/3/2010","3/12/2019","0"
"48","粤高速Ａ","000429","2","广东","3/12/2019","3/12/2019","0"
"49","湖南投资","000548","2","湖南","20/12/1993","3/12/2019","0"
"50","东莞控股","000828","2","广东","17/6/1997","3/12/2019","0"
"51","海南高速","000886","2","海南","23/1/1998","3/12/2019","0"
"52","现代投资","000900","2","湖南","28/1/1999","3/12/2019","0"
"53","华北高速","000916","2",,"27/9/1999","25/12/2017","1"
"54","国投资本","600061","3","上海","19/5/1997","3/12/2019","0"
"55","皖维高新","600063","3","安徽","28/5/1997","3/12/2019","0"
"56","江南高纤","600527","3","江苏","27/11/2003","3/12/2019","0"
"57","神马股份","600810","3","河南","6/1/1994","3/12/2019","0"
"58","南京化纤","600889","3","江苏","8/3/1996","3/12/2019","0"
"59","华鼎股份","601113","3",,"3/12/2019","3/12/2019","0"
"60","桐昆股份","601233","3","浙江","18/5/2011","3/12/2019","0"
"61","吉林化纤","000420","3","吉林","2/8/1996","3/12/2019","0"
"62","哈工智能","000584","3","江苏","28/11/1995","3/12/2019","0"
"63","京汉股份","000615","3","湖北","16/10/1996","3/12/2019","0"
"64","恒天海龙","000677","3","山东","26/12/1996","3/12/2019","0"
"65","华讯方舟","000687","3","河北","21/2/1997","3/12/2019","0"
"66","恒逸石化","000703","3","广西","28/3/1997","3/12/2019","0"
"67","美达股份","000782","3","广东","19/6/1997","3/12/2019","0"
"68","华西股份","000936","3","江苏","10/8/1999","3/12/2019","0"
"69","新乡化纤","000949","3","河南","21/10/1999","3/12/2019","0"
"70","华铁股份","000976","3","广东","1/6/2000","3/12/2019","0"
"71","霞客环保","002015","3",,"3/12/2019","3/12/2019","0"
"72","华峰氨纶","002064","3","浙江","23/8/2006","3/12/2019","0"
"73","中材科技","002080","3","江苏","20/11/2006","3/12/2019","0"
"74","澳洋科技","002172","3",,"3/12/2019","3/12/2019","0"
"75","海 利 得","002206","3","浙江","3/12/2019","3/12/2019","0"
"76","泰和新材","002254","3","山东","25/6/2008","3/12/2019","0"
"77","尤夫股份","002427","3",,"3/12/2019","3/12/2019","0"
"78","荣盛石化","002493","3","浙江","2/11/2010","3/12/2019","0"
"79","华峰超纤","300180","3","上海","22/2/2011","3/12/2019","0"
"80","三一重工","600031","4","北京","3/7/2003","3/12/2019","0"
"81","东睦股份","600114","4","浙江","11/5/2004","3/12/2019","0"
"82","*ST坊展","600149","4",,"3/12/2019","3/12/2019","0"
"83","太原重工","600169","4","山西","4/9/1998","3/12/2019","0"
"84","全柴动力","600218","4","安徽","3/12/1998","3/12/2019","0"
"85","青海华鼎","600243","4","青海","20/11/2000","3/12/2019","0"
"86","北方股份","600262","4","内蒙","30/6/2000","3/12/2019","0"
"87","振华重工","600320","4","上海","21/12/2000","3/12/2019","0"
"88","恒力股份","600346","4",,"3/12/2019","3/12/2019","0"
"89","龙净环保","600388","4","福建","29/12/2000","3/12/2019","0"
"90","仰帆控股","600421","4",,"3/12/2019","3/12/2019","0"
"91","北方导航","600435","4","北京","4/7/2003","3/12/2019","0"
"92","华光股份","600475","4","江苏","21/7/2003","3/12/2019","0"
"93","科达洁能","600499","4","广东","10/10/2002","3/12/2019","0"
"94","文一科技","600520","4","安徽","8/1/2002","3/12/2019","0"
"95","菲达环保","600526","4",,"3/12/2019","3/12/2019","0"
"96","天华院","600579","4",,"3/12/2019","3/12/2019","0"
"97","天地科技","600582","4","北京","15/5/2002","3/12/2019","0"
"98","龙溪股份","600592","4","福建","5/8/2002","3/12/2019","0"
"99","海立股份","600619","4","上海","16/11/1992","3/12/2019","0"
"100","ST常林","600710","4",,"3/12/2019","3/12/2019","0"
"101","安徽合力","600761","4","安徽","9/10/1996","3/12/2019","0"
"102","中航重机","600765","4","贵州","6/11/1996","3/12/2019","0"
"103","*ST昆机","600806","4",,"3/12/2019","3/12/2019","0"
"104","*ST厦工","600815","4","福建","28/1/1994","3/12/2019","0"
"105","上柴股份","600841","4","上海","11/3/1994","3/12/2019","0"
"106","航天长峰","600855","4","北京","25/4/1994","3/12/2019","0"
"107","*ST京城","600860","4",,"3/12/2019","3/12/2019","0"
"108","建设机械","600984","4","陕西","7/7/2004","3/12/2019","0"
"109","晋亿实业","601002","4","浙江","26/1/2007","3/12/2019","0"
"110","一拖股份","601038","4","河南","8/8/2012","3/12/2019","0"
"111","恒立液压","601100","4","江苏","28/10/2011","3/12/2019","0"
"112","*ST一重","601106","4",,"3/12/2019","3/12/2019","0"
"113","杭齿前进","601177","4","浙江","11/10/2010","3/12/2019","0"
"114","吉鑫科技","601218","4","江苏","6/5/2011","3/12/2019","0"
"115","华电重工","601226","4","北京","11/12/2014","3/12/2019","0"
"116","*ST二重","601268","4",,"2/2/2010","21/5/2015","1"
"117","陕鼓动力","601369","4","陕西","28/4/2010","3/12/2019","0"
"118","中信重工","601608","4","河南","6/7/2012","3/12/2019","0"
"119","郑煤机","601717","4","河南","3/8/2010","3/12/2019","0"
"120","蓝科高新","601798","4",,"3/12/2019","3/12/2019","0"
"121","合锻智能","603011","4","安徽","7/11/2014","3/12/2019","0"
"122","创力集团","603012","4","上海","20/3/2015","3/12/2019","0"
"123","宁波精达","603088","4","浙江","11/11/2014","3/12/2019","0"
"124","兰石重装","603169","4","甘肃","9/10/2014","3/12/2019","0"
"125","应流股份","603308","4","安徽","22/1/2014","3/12/2019","0"
"126","福鞍股份","603315","4","辽宁","24/4/2015","3/12/2019","0"
"127","派思股份","603318","4","辽宁","24/4/2015","3/12/2019","0"
"128","浙江鼎力","603338","4","浙江","25/3/2015","3/12/2019","0"
"129","莱克电气","603355","4","江苏","13/5/2015","3/12/2019","0"
"130","航天工程","603698","4","北京","28/1/2015","3/12/2019","0"
"131","纽威股份","603699","4","江苏","17/1/2014","3/12/2019","0"
"132","星光农机","603789","4","浙江","27/4/2015","3/12/2019","0"
"133","中集集团","000039","4","深圳","8/4/1994","3/12/2019","0"
"134","中联重科","000157","4","湖南","12/10/2000","3/12/2019","0"
"135","华意压缩","000404","4",,"3/12/2019","3/12/2019","0"
"136","*ST沈机","000410","4","辽宁","18/7/1996","3/12/2019","0"
"137","徐工机械","000425","4","江苏","28/8/1996","3/12/2019","0"
"138","中兵红箭","000519","4","湖南","8/10/1993","3/12/2019","0"
"139","柳 工","000528","4","广西","3/12/2019","3/12/2019","0"
"140","大冷股份","000530","4","辽宁","8/12/1993","3/12/2019","0"
"141","创元科技","000551","4","江苏","6/1/1994","3/12/2019","0"
"142","苏常柴Ａ","000570","4","江苏","3/12/2019","3/12/2019","0"
"143","*ST宝实","000595","4",,"3/12/2019","3/12/2019","0"
"144","中油资本","000617","4","新疆","22/10/1996","3/12/2019","0"
"145","襄阳轴承","000678","4","湖北","6/1/1997","3/12/2019","0"
"146","山推股份","000680","4","山东","22/1/1997","3/12/2019","0"
"147","中核科技","000777","4","江苏","10/7/1997","3/12/2019","0"
"148","冰轮环境","000811","4","山东","28/5/1998","3/12/2019","0"
"149","智慧农业","000816","4",,"3/12/2019","3/12/2019","0"
"150","京山轻机","000821","4","湖北","26/6/1998","3/12/2019","0"
"151","秦川机床","000837","4","陕西","28/9/1998","3/12/2019","0"
"152","石化机械","000852","4","湖北","26/11/1998","3/12/2019","0"
"153","冀东装备","000856","4","河北","13/8/1998","3/12/2019","0"
"154","潍柴重机","000880","4","山东","2/4/1998","3/12/2019","0"
"155","云内动力","000903","4","云南","15/4/1999","3/12/2019","0"
"156","河北宣工","000923","4","河北","14/7/1999","3/12/2019","0"
"157","众合科技","000925","4","浙江","11/6/1999","3/12/2019","0"
"158","精功科技","002006","4","浙江","25/6/2004","3/12/2019","0"
"159","天奇股份","002009","4","江苏","29/6/2004","3/12/2019","0"
"160","盾安环境","002011","4","浙江","5/7/2004","3/12/2019","0"
"161","山东威达","002026","4","山东","27/7/2004","3/12/2019","0"
"162","轴研科技","002046","4","河南","26/5/2005","3/12/2019","0"
"163","三花智控","002050","4","浙江","7/6/2005","3/12/2019","0"
"164","山河智能","002097","4","湖南","22/12/2006","3/12/2019","0"
"165","广东鸿图","002101","4","广东","29/12/2006","3/12/2019","0"
"166","天马股份","002122","4",,"3/12/2019","3/12/2019","0"
"167","利欧股份","002131","4","浙江","27/4/2007","3/12/2019","0"
"168","新光圆成","002147","4",,"3/12/2019","3/12/2019","0"
"169","通润装备","002150","4","江苏","10/8/2007","3/12/2019","0"
"170","汉钟精机","002158","4","上海","17/8/2007","3/12/2019","0"
"171","大连重工","002204","4","辽宁","16/1/2008","3/12/2019","0"
"172","达 意 隆","002209","4","广东","3/12/2019","3/12/2019","0"
"173","*ST东数","002248","4",,"3/12/2019","3/12/2019","0"
"174","海陆重工","002255","4","江苏","25/6/2008","3/12/2019","0"
"175","华明装备","002270","4","山东","5/9/2008","3/12/2019","0"
"176","川润股份","002272","4","四川","19/9/2008","3/12/2019","0"
"177","神开股份","002278","4","上海","11/8/2009","3/12/2019","0"
"178","博深工具","002282","4",,"3/12/2019","3/12/2019","0"
"179","新朋股份","002328","4","上海","30/12/2009","3/12/2019","0"
"180","赛象科技","002337","4","天津","15/1/2010","3/12/2019","0"
"181","巨力索具","002342","4","河北","26/1/2010","3/12/2019","0"
"182","泰尔股份","002347","4","安徽","28/1/2010","3/12/2019","0"
"183","杰瑞股份","002353","4","山东","5/2/2010","3/12/2019","0"
"184","台海核电","002366","4","四川","12/3/2010","3/12/2019","0"
"185","雷科防务","002413","4","江苏","28/5/2010","3/12/2019","0"
"186","康盛股份","002418","4","浙江","1/6/2010","3/12/2019","0"
"187","杭氧股份","002430","4","浙江","10/6/2010","3/12/2019","0"
"188","长江润发","002435","4",,"3/12/2019","3/12/2019","0"
"189","江苏神通","002438","4","江苏","23/6/2010","3/12/2019","0"
"190","巨星科技","002444","4","浙江","13/7/2010","3/12/2019","0"
"191","中南文化","002445","4",,"3/12/2019","3/12/2019","0"
"192","天业通联","002459","4","河北","10/8/2010","3/12/2019","0"
"193","双环传动","002472","4","浙江","10/9/2010","3/12/2019","0"
"194","新筑股份","002480","4","四川","21/9/2010","3/12/2019","0"
"195","润邦股份","002483","4","江苏","29/9/2010","3/12/2019","0"
"196","*ST墨龙","002490","4",,"3/12/2019","3/12/2019","0"
"197","科林环保","002499","4",,"3/12/2019","3/12/2019","0"
"198","天广中茂","002509","4","福建","23/11/2010","3/12/2019","0"
"199","宝馨科技","002514","4","江苏","3/12/2010","3/12/2019","0"
"200","日发精机","002520","4","浙江","10/12/2010","3/12/2019","0"
"201","天桥起重","002523","4","湖南","10/12/2010","3/12/2019","0"
"202","山东矿机","002526","4","山东","17/12/2010","3/12/2019","0"
"203","海源机械","002529","4",,"3/12/2019","3/12/2019","0"
"204","金财互联","002530","4","江苏","31/12/2010","3/12/2019","0"
"205","新界泵业","002532","4","浙江","31/12/2010","3/12/2019","0"
"206","杭锅股份","002534","4","浙江","10/1/2011","3/12/2019","0"
"207","林州重机","002535","4","河南","11/1/2011","3/12/2019","0"
"208","海联金汇","002537","4","山东","10/1/2011","3/12/2019","0"
"209","宝鼎科技","002552","4","浙江","25/2/2011","3/12/2019","0"
"210","南方轴承","002553","4","江苏","25/2/2011","3/12/2019","0"
"211","亚威股份","002559","4","江苏","3/3/2011","3/12/2019","0"
"212","天沃科技","002564","4","江苏","10/3/2011","3/12/2019","0"
"213","恒大高新","002591","4","江西","21/6/2011","3/12/2019","0"
"214","豪迈科技","002595","4","山东","28/6/2011","3/12/2019","0"
"215","山东章鼓","002598","4","山东","7/7/2011","3/12/2019","0"
"216","东方精工","002611","4","广东","30/8/2011","3/12/2019","0"
"217","北玻股份","002613","4","河南","30/8/2011","3/12/2019","0"
"218","三垒股份","002621","4",,"3/12/2019","3/12/2019","0"
"219","华西能源","002630","4","四川","11/11/2011","3/12/2019","0"
"220","申科股份","002633","4","浙江","22/11/2011","3/12/2019","0"
"221","雪人股份","002639","4","福建","5/12/2011","3/12/2019","0"
"222","华宏科技","002645","4","江苏","20/12/2011","3/12/2019","0"
"223","利君股份","002651","4","四川","6/1/2012","3/12/2019","0"
"224","鞍重股份","002667","4","辽宁","29/3/2012","3/12/2019","0"
"225","长生生物","002680","4",,"3/12/2019","3/12/2019","0"
"226","华东重机","002685","4","江苏","12/6/2012","3/12/2019","0"
"227","亿利达","002686","4","浙江","3/7/2012","3/12/2019","0"
"228","美亚光电","002690","4","安徽","31/7/2012","3/12/2019","0"
"229","冀凯股份","002691","4","河北","31/7/2012","3/12/2019","0"
"230","博实股份","002698","4","黑龙江","11/9/2012","3/12/2019","0"
"231","埃斯顿","002747","4","江苏","20/3/2015","3/12/2019","0"
"232","宝德股份","300023","4","陕西","30/10/2009","3/12/2019","0"
"233","机器人","300024","4","辽宁","30/10/2009","3/12/2019","0"
"234","中科电气","300035","4","湖南","25/12/2009","3/12/2019","0"
"235","三维丝","300056","4","福建","26/2/2010","3/12/2019","0"
"236","盛运环保","300090","4","安徽","25/6/2010","3/12/2019","0"
"237","金通灵","300091","4","江苏","25/6/2010","3/12/2019","0"
"238","科新机电","300092","4","四川","8/7/2010","3/12/2019","0"
"239","华伍股份","300095","4","江西","28/7/2010","3/12/2019","0"
"240","达刚路机","300103","4",,"3/12/2019","3/12/2019","0"
"241","坚瑞沃能","300116","4","陕西","2/9/2010","3/12/2019","0"
"242","锐奇股份","300126","4","上海","13/10/2010","3/12/2019","0"
"243","中金环境","300145","4","浙江","9/12/2010","3/12/2019","0"
"244","昌红科技","300151","4","深圳","22/12/2010","3/12/2019","0"
"245","科融环境","300152","4","河北","29/12/2010","3/12/2019","0"
"246","新研股份","300159","4","新疆","7/1/2011","3/12/2019","0"
"247","华中数控","300161","4","湖北","13/1/2011","3/12/2019","0"
"248","智慧松德","300173","4","广东","1/2/2011","3/12/2019","0"
"249","通裕重工","300185","4","山东","8/3/2011","3/12/2019","0"
"250","佳士科技","300193","4","深圳","22/3/2011","3/12/2019","0"
"251","长荣股份","300195","4","天津","29/3/2011","3/12/2019","0"
"252","海伦哲","300201","4","江苏","7/4/2011","3/12/2019","0"
"253","聚龙股份","300202","4","辽宁","15/4/2011","3/12/2019","0"
"254","森远股份","300210","4","辽宁","26/4/2011","3/12/2019","0"
"255","富瑞特装","300228","4","江苏","8/6/2011","3/12/2019","0"
"256","依米康","300249","4","四川","3/8/2011","3/12/2019","0"
"257","开山股份","300257","4","浙江","19/8/2011","3/12/2019","0"
"258","新莱应材","300260","4","江苏","6/9/2011","3/12/2019","0"
"259","隆华节能","300263","4",,"3/12/2019","3/12/2019","0"
"260","兴源环境","300266","4","浙江","27/9/2011","3/12/2019","0"
"261","开能环保","300272","4",,"3/12/2019","3/12/2019","0"
"262","三丰智能","300276","4","湖北","15/11/2011","3/12/2019","0"
"263","华昌达","300278","4","湖北","16/12/2011","3/12/2019","0"
"264","南通锻压","300280","4",,"3/12/2019","3/12/2019","0"
"265","金明精机","300281","4","广东","29/12/2011","3/12/2019","0"
"266","蓝英装备","300293","4","辽宁","8/3/2012","3/12/2019","0"
"267","慈星股份","300307","4","浙江","29/3/2012","3/12/2019","0"
"268","中际旭创","300308","4","山东","10/4/2012","3/12/2019","0"
"269","吉艾科技","300309","4","北京","10/4/2012","3/12/2019","0"
"270","晶盛机电","300316","4","浙江","11/5/2012","3/12/2019","0"
"271","津膜科技","300334","4","天津","5/7/2012","3/12/2019","0"
"272","楚天科技","300358","4","湖南","21/1/2014","3/12/2019","0"
"273","天翔环境","300362","4","四川","21/1/2014","3/12/2019","0"
"274","汇金股份","300368","4","河北","23/1/2014","3/12/2019","0"
"275","斯莱克","300382","4","江苏","29/1/2014","3/12/2019","0"
"276","雪浪环境","300385","4","江苏","26/6/2014","3/12/2019","0"
"277","康跃科技","300391","4","山东","1/8/2014","3/12/2019","0"
"278","劲拓股份","300400","4","深圳","10/10/2014","3/12/2019","0"
"279","宝色股份","300402","4","江苏","10/10/2014","3/12/2019","0"
"280","金盾股份","300411","4","浙江","31/12/2014","3/12/2019","0"
"281","伊之密","300415","4","广东","23/1/2015","3/12/2019","0"
"282","五洋科技","300420","4",,"3/12/2019","3/12/2019","0"
"283","力星股份","300421","4","江苏","17/2/2015","3/12/2019","0"
"284","环能科技","300425","4",,"3/12/2019","3/12/2019","0"
"285","红相电力","300427","4",,"3/12/2019","3/12/2019","0"
"286","金石东方","300434","4",,"3/12/2019","3/12/2019","0"
"287","中泰股份","300435","4","浙江","26/3/2015","3/12/2019","0"
"288","鲍斯股份","300441","4","浙江","23/4/2015","3/12/2019","0"
"289","普丽盛","300442","4","上海","24/4/2015","3/12/2019","0"
"290","金雷风电","300443","4",,"3/12/2019","3/12/2019","0"
"291","华润双鹤","600062","5","北京","22/5/1997","3/12/2019","0"
"292","人福医药","600079","5","湖北","6/6/1997","3/12/2019","0"
"293","金花股份","600080","5","陕西","12/6/1997","3/12/2019","0"
"294","同仁堂","600085","5","北京","25/6/1997","3/12/2019","0"
"295","太极集团","600129","5","重庆","18/11/1997","3/12/2019","0"
"296","天坛生物","600161","5","北京","16/6/1998","3/12/2019","0"
"297","复星医药","600196","5","上海","7/8/1998","3/12/2019","0"
"298","江苏吴中","600200","5","江苏","1/4/1999","3/12/2019","0"
"299","生物股份","600201","5","内蒙","15/1/1999","3/12/2019","0"
"300","西藏药业","600211","5","西藏","21/7/1999","3/12/2019","0"
"301","浙江医药","600216","5","浙江","21/10/1999","3/12/2019","0"
"302","太龙药业","600222","5","河南","5/11/1999","3/12/2019","0"
"303","中恒集团","600252","5","广西","30/11/2000","3/12/2019","0"
"304","天方药业","600253","5",,"27/12/2000","15/7/2013","1"
"305","海正药业","600267","5","浙江","25/7/2000","3/12/2019","0"
"306","恒瑞医药","600276","5","江苏","18/10/2000","3/12/2019","0"
"307","羚锐制药","600285","5","河南","18/10/2000","3/12/2019","0"
"308","中新药业","600329","5","天津","6/6/2001","3/12/2019","0"
"309","白云山","600332","5","广东","6/2/2001","3/12/2019","0"
"310","亚宝药业","600351","5","山西","26/9/2002","3/12/2019","0"
"311","健康元","600380","5","深圳","8/6/2001","3/12/2019","0"
"312","现代制药","600420","5","上海","16/6/2004","3/12/2019","0"
"313","昆药集团","600422","5","云南","6/12/2000","3/12/2019","0"
"314","片仔癀","600436","5","福建","16/6/2003","3/12/2019","0"
"315","蓝光发展","600466","5","四川","12/2/2001","3/12/2019","0"
"316","千金药业","600479","5","湖南","12/3/2004","3/12/2019","0"
"317","天药股份","600488","5","天津","18/6/2001","3/12/2019","0"
"318","联环药业","600513","5","江苏","19/3/2003","3/12/2019","0"
"319","康美药业","600518","5",,"3/12/2019","3/12/2019","0"
"320","华海药业","600521","5","浙江","4/3/2003","3/12/2019","0"
"321","交大昂立","600530","5","上海","2/7/2001","3/12/2019","0"
"322","天士力","600535","5","天津","23/8/2002","3/12/2019","0"
"323","康缘药业","600557","5","江苏","18/9/2002","3/12/2019","0"
"324","济川药业","600566","5","湖北","22/8/2001","3/12/2019","0"
"325","康恩贝","600572","5","浙江","12/4/2004","3/12/2019","0"
"326","益佰制药","600594","5","贵州","23/3/2004","3/12/2019","0"
"327","神奇制药","600613","5","上海","20/8/1992","3/12/2019","0"
"328","中源协和","600645","5","天津","4/5/1993","3/12/2019","0"
"329","哈药股份","600664","5","黑龙江","29/6/1993","3/12/2019","0"
"330","奥瑞德","600666","5",,"3/12/2019","3/12/2019","0"
"331","天目药业","600671","5","浙江","23/8/1993","3/12/2019","0"
"332","江中药业","600750","5","江西","23/9/1996","3/12/2019","0"
"333","广誉远","600771","5","青海","5/11/1996","3/12/2019","0"
"334","辅仁药业","600781","5",,"3/12/2019","3/12/2019","0"
"335","鲁抗医药","600789","5","山东","26/2/1997","3/12/2019","0"
"336","华北制药","600812","5","河北","14/1/1994","3/12/2019","0"
"337","人民同泰","600829","5","黑龙江","24/2/1994","3/12/2019","0"
"338","通化东宝","600867","5","吉林","24/8/1994","3/12/2019","0"
"339","健民集团","600976","5","湖北","19/4/2004","3/12/2019","0"
"340","马应龙","600993","5","湖北","17/5/2004","3/12/2019","0"
"341","莎普爱思","603168","5","浙江","2/7/2014","3/12/2019","0"
"342","济民制药","603222","5","浙江","17/2/2015","3/12/2019","0"
"343","九洲药业","603456","5","浙江","10/10/2014","3/12/2019","0"
"344","珍宝岛","603567","5","黑龙江","24/4/2015","3/12/2019","0"
"345","方盛制药","603998","5","湖南","5/12/2014","3/12/2019","0"
"346","国农科技","000004","5","深圳","14/1/1991","3/12/2019","0"
"347","海王生物","000078","5","深圳","18/12/1998","3/12/2019","0"
"348","丰原药业","000153","5","安徽","20/9/2000","3/12/2019","0"
"349","ST生化","000403","5",,"3/12/2019","3/12/2019","0"
"350","东阿阿胶","000423","5","山东","29/7/1996","3/12/2019","0"
"351","丽珠集团","000513","5","广东","28/10/1993","3/12/2019","0"
"352","四环生物","000518","5","江苏","8/9/1993","3/12/2019","0"
"353","白云山A","000522","5",,"8/11/1993","26/4/2013","1"
"354","云南白药","000538","5","云南","15/12/1993","3/12/2019","0"
"355","海南海药","000566","5","海南","25/5/1994","3/12/2019","0"
"356","启迪古汉","000590","5","湖南","19/1/1996","3/12/2019","0"
"357","东北制药","000597","5","辽宁","23/5/1996","3/12/2019","0"
"358","神州易桥","000606","5",,"3/12/2019","3/12/2019","0"
"359","吉林敖东","000623","5","吉林","28/10/1996","3/12/2019","0"
"360","仁和药业","000650","5","江西","10/12/1996","3/12/2019","0"
"361","长春高新","000661","5","吉林","18/12/1996","3/12/2019","0"
"362","普洛药业","000739","5","浙江","9/5/1997","3/12/2019","0"
"363","新华制药","000756","5","山东","6/8/1997","3/12/2019","0"
"364","通化金马","000766","5","吉林","30/4/1997","3/12/2019","0"
"365","北大医药","000788","5","重庆","16/6/1997","3/12/2019","0"
"366","泰合健康","000790","5","四川","27/3/1998","3/12/2019","0"
"367","景峰医药","000908","5","湖南","3/2/1999","3/12/2019","0"
"368","山大华特","000915","5","山东","9/6/1999","3/12/2019","0"
"369","金陵药业","000919","5","江苏","18/11/1999","3/12/2019","0"
"370","广济药业","000952","5","湖北","12/11/1999","3/12/2019","0"
"371","华东医药","000963","5","浙江","27/1/2000","3/12/2019","0"
"372","九 芝 堂","000989","5","湖南","3/12/2019","3/12/2019","0"
"373","华润三九","000999","5","深圳","9/3/2000","3/12/2019","0"
"374","新 和 成","002001","5","浙江","3/12/2019","3/12/2019","0"
"375","华兰生物","002007","5","河南","25/6/2004","3/12/2019","0"
"376","亿帆医药","002019","5","浙江","13/7/2004","3/12/2019","0"
"377","京新药业","002020","5","浙江","15/7/2004","3/12/2019","0"
"378","科华生物","002022","5","上海","21/7/2004","3/12/2019","0"
"379","达安基因","002030","5","广东","9/8/2004","3/12/2019","0"
"380","双鹭药业","002038","5","北京","9/9/2004","3/12/2019","0"
"381","海翔药业","002099","5","浙江","26/12/2006","3/12/2019","0"
"382","沃华医药","002107","5","山东","24/1/2007","3/12/2019","0"
"383","紫鑫药业","002118","5","吉林","2/3/2007","3/12/2019","0"
"384","莱茵生物","002166","5","广西","13/9/2007","3/12/2019","0"
"385","嘉应制药","002198","5","广东","18/12/2007","3/12/2019","0"
"386","恒康医疗","002219","5","甘肃","6/3/2008","3/12/2019","0"
"387","上海莱士","002252","5","上海","23/6/2008","3/12/2019","0"
"388","恩华药业","002262","5","江苏","23/7/2008","3/12/2019","0"
"389","桂林三金","002275","5","广西","10/7/2009","3/12/2019","0"
"390","奇正藏药","002287","5","西藏","28/8/2009","3/12/2019","0"
"391","信立泰","002294","5","深圳","10/9/2009","3/12/2019","0"
"392","众生药业","002317","5","广东","11/12/2009","3/12/2019","0"
"393","仙琚制药","002332","5","浙江","12/1/2010","3/12/2019","0"
"394","精华制药","002349","5","江苏","3/2/2010","3/12/2019","0"
"395","永安药业","002365","5","湖北","5/3/2010","3/12/2019","0"
"396","亚太药业","002370","5","浙江","16/3/2010","3/12/2019","0"
"397","信邦制药","002390","5","贵州","16/4/2010","3/12/2019","0"
"398","力生制药","002393","5","天津","23/4/2010","3/12/2019","0"
"399","海普瑞","002399","5","深圳","6/5/2010","3/12/2019","0"
"400","汉森制药","002412","5","湖南","25/5/2010","3/12/2019","0"
"401","科伦药业","002422","5","四川","3/6/2010","3/12/2019","0"
"402","贵州百灵","002424","5","贵州","3/6/2010","3/12/2019","0"
"403","太安堂","002433","5","广东","18/6/2010","3/12/2019","0"
"404","誉衡药业","002437","5","黑龙江","23/6/2010","3/12/2019","0"
"405","千红制药","002550","5","江苏","18/2/2011","3/12/2019","0"
"406","益盛药业","002566","5","吉林","18/3/2011","3/12/2019","0"
"407","以岭药业","002603","5","河北","28/7/2011","3/12/2019","0"
"408","佛慈制药","002644","5","甘肃","22/12/2011","3/12/2019","0"
"409","海思科","002653","5","西藏","17/1/2012","3/12/2019","0"
"410","东诚药业","002675","5","山东","25/5/2012","3/12/2019","0"
"411","金河生物","002688","5","内蒙","13/7/2012","3/12/2019","0"
"412","双成药业","002693","5","海南","8/8/2012","3/12/2019","0"
"413","一心堂","002727","5","云南","2/7/2014","3/12/2019","0"
"414","特一药业","002728","5","广东","31/7/2014","3/12/2019","0"
"415","葵花药业","002737","5","黑龙江","30/12/2014","3/12/2019","0"
"416","龙津药业","002750","5","云南","24/3/2015","3/12/2019","0"
"417","莱美药业","300006","5","重庆","30/10/2009","3/12/2019","0"
"418","安科生物","300009","5","安徽","30/10/2009","3/12/2019","0"
"419","北陆药业","300016","5","北京","30/10/2009","3/12/2019","0"
"420","红日药业","300026","5","天津","30/10/2009","3/12/2019","0"
"421","上海凯宝","300039","5","上海","8/1/2010","3/12/2019","0"
"422","福瑞股份","300049","5","内蒙","20/1/2010","3/12/2019","0"
"423","康芝药业","300086","5","海南","26/5/2010","3/12/2019","0"
"424","华仁药业","300110","5","山东","25/8/2010","3/12/2019","0"
"425","瑞普生物","300119","5","天津","17/9/2010","3/12/2019","0"
"426","智飞生物","300122","5","重庆","28/9/2010","3/12/2019","0"
"427","沃森生物","300142","5","云南","12/11/2010","3/12/2019","0"
"428","香雪制药","300147","5","广东","15/12/2010","3/12/2019","0"
"429","振东制药","300158","5","山西","7/1/2011","3/12/2019","0"
"430","佐力药业","300181","5","浙江","22/2/2011","3/12/2019","0"
"431","福安药业","300194","5","重庆","22/3/2011","3/12/2019","0"
"432","翰宇药业","300199","5","深圳","7/4/2011","3/12/2019","0"
"433","舒泰神","300204","5","北京","15/4/2011","3/12/2019","0"
"434","金城医药","300233","5","山东","22/6/2011","3/12/2019","0"
"435","东宝生物","300239","5","内蒙","6/7/2011","3/12/2019","0"
"436","仟源医药","300254","5","山西","19/8/2011","3/12/2019","0"
"437","常山药业","300255","5","河北","19/8/2011","3/12/2019","0"
"438","尔康制药","300267","5","湖南","27/9/2011","3/12/2019","0"
"439","利德曼","300289","5","北京","16/2/2012","3/12/2019","0"
"440","博雅生物","300294","5","江西","8/3/2012","3/12/2019","0"
"441","我武生物","300357","5","浙江","21/1/2014","3/12/2019","0"
"442","博腾股份","300363","5","重庆","29/1/2014","3/12/2019","0"
"443","九强生物","300406","5","北京","30/10/2014","3/12/2019","0"
"444","广生堂","300436","5","福建","22/4/2015","3/12/2019","0"
"445","美康生物","300439","5","浙江","22/4/2015","3/12/2019","0"
"446","齐鲁石化","600002","6",,"8/4/1998","24/4/2006","1"
"447","中国石化","600028","6","北京","8/8/2001","3/12/2019","0"
"448","海越股份","600387","6",,"3/12/2019","3/12/2019","0"
"449","海油工程","600583","6","天津","5/2/2002","3/12/2019","0"
"450","上海石化","600688","6","上海","8/11/1993","3/12/2019","0"
"451","洲际油气","600759","6","海南","8/10/1996","3/12/2019","0"
"452","石化油服","600871","6","北京","11/4/1995","3/12/2019","0"
"453","中海油服","601808","6","天津","28/9/2007","3/12/2019","0"
"454","中国石油","601857","6","北京","5/11/2007","3/12/2019","0"
"455","龙宇燃油","603003","6","上海","17/8/2012","3/12/2019","0"
"456","华锦股份","000059","6","辽宁","30/1/1997","3/12/2019","0"
"457","广聚能源","000096","6","深圳","24/7/2000","3/12/2019","0"
"458","国际实业","000159","6","新疆","26/9/2000","3/12/2019","0"
"459","泰山石油","000554","6","山东","15/12/1993","3/12/2019","0"
"460","茂化实华","000637","6","广东","14/11/1996","3/12/2019","0"
"461","岳阳兴长","000819","6","湖南","25/6/1997","3/12/2019","0"
"462","*ST准油","002207","6",,"3/12/2019","3/12/2019","0"
"463","东华能源","002221","6","江苏","6/3/2008","3/12/2019","0"
"464","惠博普","002554","6","北京","25/2/2011","3/12/2019","0"
"465","仁智股份","002629","6",,"3/12/2019","3/12/2019","0"
"466","海默科技","300084","6","甘肃","20/5/2010","3/12/2019","0"
"467","恒泰艾普","300157","6","北京","7/1/2011","3/12/2019","0"
"468","通源石油","300164","6","陕西","13/1/2011","3/12/2019","0"
"469","潜能恒信","300191","6","北京","16/3/2011","3/12/2019","0"
"470","中国巨石","600176","7","浙江","22/4/1999","3/12/2019","0"
"471","光电股份","600184","7","湖北","6/11/2003","3/12/2019","0"
"472","三峡新材","600293","7","湖北","19/9/2000","3/12/2019","0"
"473","山东药玻","600529","7","山东","3/6/2002","3/12/2019","0"
"474","凯盛科技","600552","7","安徽","8/11/2002","3/12/2019","0"
"475","金晶科技","600586","7","山东","15/8/2002","3/12/2019","0"
"476","华建集团","600629","7","上海","9/2/1993","3/12/2019","0"
"477","耀皮玻璃","600819","7","上海","28/1/1994","3/12/2019","0"
"478","洛阳玻璃","600876","7","河南","31/10/1995","3/12/2019","0"
"479","旗滨集团","601636","7","湖南","12/8/2011","3/12/2019","0"
"480","山东华鹏","603021","7","山东","23/4/2015","3/12/2019","0"
"481","再升科技","603601","7","重庆","22/1/2015","3/12/2019","0"
"482","南 玻Ａ","000012","7","深圳","3/12/2019","3/12/2019","0"
"483","*ST德力","002571","7",,"3/12/2019","3/12/2019","0"
"484","亚玛顿","002623","7","江苏","13/10/2011","3/12/2019","0"
"485","金刚玻璃","300093","7","广东","8/7/2010","3/12/2019","0"
"486","秀强股份","300160","7","江苏","13/1/2011","3/12/2019","0"
"487","长海股份","300196","7","江苏","29/3/2011","3/12/2019","0"
"488","菲利华","300395","7","湖北","10/9/2014","3/12/2019","0"
"489","宁波韵升","600366","8","浙江","30/10/2000","3/12/2019","0"
"490","飞乐音响","600651","8","上海","19/12/1990","3/12/2019","0"
"491","上海临港","600848","8","上海","24/3/1994","3/12/2019","0"
"492","林洋能源","601222","8","江苏","8/8/2011","3/12/2019","0"
"493","三星医疗","601567","8","浙江","15/6/2011","3/12/2019","0"
"494","川仪股份","603100","8","重庆","5/8/2014","3/12/2019","0"
"495","智度股份","000676","8","河南","24/12/1996","3/12/2019","0"
"496","众泰汽车","000980","8","浙江","16/6/2000","3/12/2019","0"
"497","华工科技","000988","8","湖北","8/6/2000","3/12/2019","0"
"498","大族激光","002008","8","深圳","25/6/2004","3/12/2019","0"
"499","威 尔 泰","002058","8","上海","3/12/2019","3/12/2019","0"
"500","科陆电子","002121","8","深圳","6/3/2007","3/12/2019","0"
"501","东方网络","002175","8",,"3/12/2019","3/12/2019","0"
"502","证通电子","002197","8","深圳","18/12/2007","3/12/2019","0"
"503","大立科技","002214","8","浙江","18/2/2008","3/12/2019","0"
"504","大华股份","002236","8","浙江","20/5/2008","3/12/2019","0"
"505","奥普光电","002338","8","吉林","15/1/2010","3/12/2019","0"
"506","赫美集团","002356","8",,"3/12/2019","3/12/2019","0"
"507","高德红外","002414","8","湖北","16/7/2010","3/12/2019","0"
"508","海康威视","002415","8","浙江","28/5/2010","3/12/2019","0"
"509","科士达","002518","8","深圳","7/12/2010","3/12/2019","0"
"510","新时达","002527","8","上海","24/12/2010","3/12/2019","0"
"511","雪迪龙","002658","8","北京","9/3/2012","3/12/2019","0"
"512","汉威科技","300007","8","河南","30/10/2009","3/12/2019","0"
"513","华测检测","300012","8","深圳","30/10/2009","3/12/2019","0"
"514","三川智慧","300066","8","江西","26/3/2010","3/12/2019","0"
"515","智云股份","300097","8","辽宁","28/7/2010","3/12/2019","0"
"516","精准信息","300099","8","山东","6/8/2010","3/12/2019","0"
"517","龙源技术","300105","8","山东","20/8/2010","3/12/2019","0"
"518","万讯自控","300112","8","深圳","27/8/2010","3/12/2019","0"
"519","汇川技术","300124","8","深圳","28/9/2010","3/12/2019","0"
"520","先河环保","300137","8","河北","5/11/2010","3/12/2019","0"
"521","天瑞仪器","300165","8","江苏","25/1/2011","3/12/2019","0"
"522","聚光科技","300203","8","浙江","15/4/2011","3/12/2019","0"
"523","新天科技","300259","8","河南","31/8/2011","3/12/2019","0"
"524","安科瑞","300286","8","上海","13/1/2012","3/12/2019","0"
"525","远方信息","300306","8","浙江","29/3/2012","3/12/2019","0"
"526","开元股份","300338","8","湖南","26/7/2012","3/12/2019","0"
"527","金卡智能","300349","8","浙江","17/8/2012","3/12/2019","0"
"528","东华测试","300354","8","江苏","20/9/2012","3/12/2019","0"
"529","炬华科技","300360","8","浙江","21/1/2014","3/12/2019","0"
"530","安控科技","300370","8","北京","23/1/2014","3/12/2019","0"
"531","汇中股份","300371","8","河北","23/1/2014","3/12/2019","0"
"532","正业科技","300410","8","广东","31/12/2014","3/12/2019","0"
"533","苏试试验","300416","8","江苏","22/1/2015","3/12/2019","0"
"534","南华仪器","300417","8","广东","23/1/2015","3/12/2019","0"
"535","诚益通","300430","8","北京","19/3/2015","3/12/2019","0"
"536","康斯特","300445","8","北京","24/4/2015","3/12/2019","0"
"537","白云机场","600004","9","广东","28/4/2003","3/12/2019","0"
"538","上海机场","600009","9","上海","18/2/1998","3/12/2019","0"
"539","日照港","600017","9","山东","17/10/2006","3/12/2019","0"
"540","上港集团","600018","9","上海","26/10/2006","3/12/2019","0"
"541","中远海能","600026","9","上海","23/5/2002","3/12/2019","0"
"542","南方航空","600029","9","广东","25/7/2003","3/12/2019","0"
"543","象屿股份","600057","9",,"3/12/2019","3/12/2019","0"
"544","退市长油","600087","9",,"12/6/1997","5/6/2014","1"
"545","东方航空","600115","9","上海","5/11/1997","3/12/2019","0"
"546","长江投资","600119","9",,"3/12/2019","3/12/2019","0"
"547","铁龙物流","600125","9","辽宁","11/5/1998","3/12/2019","0"
"548","瑞茂通","600180","9","山东","3/7/1998","3/12/2019","0"
"549","锦州港","600190","9","辽宁","9/6/1999","3/12/2019","0"
"550","海航控股","600221","9","海南","25/11/1999","3/12/2019","0"
"551","中昌数据","600242","9","广东","7/12/2000","3/12/2019","0"
"552","外运发展","600270","9",,"28/12/2000","28/12/2018","1"
"553","重庆港九","600279","9","重庆","31/7/2000","3/12/2019","0"
"554","营口港","600317","9","辽宁","31/1/2002","3/12/2019","0"
"555","北巴传媒","600386","9","北京","16/2/2001","3/12/2019","0"
"556","中远海特","600428","9","广东","18/4/2002","3/12/2019","0"
"557","晋西车轴","600495","9","山西","26/5/2004","3/12/2019","0"
"558","江西长运","600561","9","江西","16/7/2002","3/12/2019","0"
"559","皖江物流","600575","9",,"3/12/2019","3/12/2019","0"
"560","大众交通","600611","9","上海","7/8/1992","3/12/2019","0"
"561","锦江投资","600650","9","上海","7/6/1993","3/12/2019","0"
"562","强生控股","600662","9","上海","14/6/1993","3/12/2019","0"
"563","亚通股份","600692","9","上海","19/11/1993","3/12/2019","0"
"564","光明地产","600708","9","上海","6/6/1996","3/12/2019","0"
"565","天津港","600717","9","天津","14/6/1996","3/12/2019","0"
"566","天海投资","600751","9",,"3/12/2019","3/12/2019","0"
"567","中储股份","600787","9","天津","21/1/1997","3/12/2019","0"
"568","保税科技","600794","9","江苏","6/3/1997","3/12/2019","0"
"569","宁波海运","600798","9","浙江","23/4/1997","3/12/2019","0"
"570","申通地铁","600834","9","上海","24/2/1994","3/12/2019","0"
"571","上海机电","600835","9","上海","24/2/1994","3/12/2019","0"
"572","广日股份","600894","9","广东","28/3/1996","3/12/2019","0"
"573","览海投资","600896","9","海南","3/5/1996","3/12/2019","0"
"574","厦门空港","600897","9","福建","31/5/1996","3/12/2019","0"
"575","内蒙一机","600967","9","内蒙","18/5/2004","3/12/2019","0"
"576","唐山港","601000","9","河北","5/7/2010","3/12/2019","0"
"577","大秦铁路","601006","9","山西","1/8/2006","3/12/2019","0"
"578","连云港","601008","9","江苏","26/4/2007","3/12/2019","0"
"579","宁波港","601018","9","浙江","28/9/2010","3/12/2019","0"
"580","春秋航空","601021","9","上海","21/1/2015","3/12/2019","0"
"581","中国国航","601111","9","北京","18/8/2006","3/12/2019","0"
"582","中国北车","601299","9",,"29/12/2009","20/5/2015","1"
"583","江南嘉捷","601313","9",,"3/12/2019","3/12/2019","0"
"584","广深铁路","601333","9","深圳","22/12/2006","3/12/2019","0"
"585","中国中车","601766","9","北京","18/8/2008","3/12/2019","0"
"586","中远海发","601866","9","上海","12/12/2007","3/12/2019","0"
"587","招商轮船","601872","9","上海","1/12/2006","3/12/2019","0"
"588","大连港","601880","9","辽宁","6/12/2010","3/12/2019","0"
"589","中远海控","601919","9","天津","26/6/2007","3/12/2019","0"
"590","康尼机电","603111","9","江苏","1/8/2014","3/12/2019","0"
"591","华贸物流","603128","9","上海","29/5/2012","3/12/2019","0"
"592","渤海轮渡","603167","9","山东","6/9/2012","3/12/2019","0"
"593","诺力股份","603611","9","浙江","28/1/2015","3/12/2019","0"
"594","深赤湾Ａ","000022","9",,"3/12/2019","3/12/2019","0"
"595","盐 田 港","000088","9","深圳","3/12/2019","3/12/2019","0"
"596","深圳机场","000089","9","深圳","20/4/1998","3/12/2019","0"
"597","中信海直","000099","9","深圳","31/7/2000","3/12/2019","0"
"598","南京公用","000421","9","江苏","6/8/1996","3/12/2019","0"
"599","珠海港","000507","9","广东","26/3/1993","3/12/2019","0"
"600","长航凤凰","000520","9","湖北","25/10/1993","3/12/2019","0"
"601","北部湾港","000582","9","广西","2/11/1995","3/12/2019","0"
"602","国恒退","000594","9",,"20/3/1996","13/7/2015","1"
"603","厦门港务","000905","9","福建","29/4/1999","3/12/2019","0"
"604","南方汇通","000920","9","贵州","16/6/1999","3/12/2019","0"
"605","中国中期","000996","9","北京","18/7/2000","3/12/2019","0"
"606","南 京 港","002040","9","江苏","3/12/2019","3/12/2019","0"
"607","怡 亚 通","002183","9","深圳","3/12/2019","3/12/2019","0"
"608","飞马国际","002210","9",,"3/12/2019","3/12/2019","0"
"609","澳洋顺昌","002245","9","江苏","5/6/2008","3/12/2019","0"
"610","海峡股份","002320","9","海南","16/12/2009","3/12/2019","0"
"611","富临运业","002357","9","四川","10/2/2010","3/12/2019","0"
"612","康力电梯","002367","9","江苏","12/3/2010","3/12/2019","0"
"613","中原内配","002448","9","河南","16/7/2010","3/12/2019","0"
"614","恒基达鑫","002492","9","广东","2/11/2010","3/12/2019","0"
"615","八菱科技","002592","9","广西","11/11/2011","3/12/2019","0"
"616","宜昌交运","002627","9","湖北","3/11/2011","3/12/2019","0"
"617","龙洲股份","002682","9","福建","12/6/2012","3/12/2019","0"
"618","远大智能","002689","9","辽宁","17/7/2012","3/12/2019","0"
"619","欧浦智网","002711","9",,"3/12/2019","3/12/2019","0"
"620","鼎汉技术","300011","9","北京","30/10/2009","3/12/2019","0"
"621","新宁物流","300013","9","江苏","30/10/2009","3/12/2019","0"
"622","飞力达","300240","9","江苏","6/7/2011","3/12/2019","0"
"623","华鹏飞","300350","9","深圳","21/8/2012","3/12/2019","0"
"624","中直股份","600038","10","黑龙江","18/12/2000","3/12/2019","0"
"625","中国卫星","600118","10","北京","8/9/1997","3/12/2019","0"
"626","洪都航空","600316","10","江西","15/12/2000","3/12/2019","0"
"627","航天动力","600343","10","陕西","8/4/2003","3/12/2019","0"
"628","中航电子","600372","10","北京","6/7/2001","3/12/2019","0"
"629","航发科技","600391","10","四川","12/12/2001","3/12/2019","0"
"630","航天电子","600879","10","湖北","15/11/1995","3/12/2019","0"
"631","航发动力","600893","10","陕西","8/4/1996","3/12/2019","0"
"632","航发控制","000738","10","江苏","26/6/1997","3/12/2019","0"
"633","中航飞机","000768","10","陕西","26/6/1997","3/12/2019","0"
"634","航天科技","000901","10","黑龙江","1/4/1999","3/12/2019","0"
"635","海特高新","002023","10","四川","21/7/2004","3/12/2019","0"
"636","威海广泰","002111","10","山东","26/1/2007","3/12/2019","0"
"637","航新科技","300424","10","广东","22/4/2015","3/12/2019","0"
"638","开创国际","600097","11","上海","19/6/1997","3/12/2019","0"
"639","亚盛集团","600108","11","甘肃","18/8/1997","3/12/2019","0"
"640","金健米业","600127","11","湖南","6/5/1998","3/12/2019","0"
"641","吉林森工","600189","11","吉林","7/10/1998","3/12/2019","0"
"642","中牧股份","600195","11","北京","7/1/1999","3/12/2019","0"
"643","冠农股份","600251","11","新疆","9/6/2003","3/12/2019","0"
"644","大湖股份","600257","11","湖南","12/6/2000","3/12/2019","0"
"645","ST景谷","600265","11","云南","25/8/2000","3/12/2019","0"
"646","*ST昌鱼","600275","11",,"3/12/2019","3/12/2019","0"
"647","农发种业","600313","11","北京","19/1/2001","3/12/2019","0"
"648","敦煌种业","600354","11","甘肃","15/1/2004","3/12/2019","0"
"649","新农开发","600359","11","新疆","29/4/1999","3/12/2019","0"
"650","万向德农","600371","11","黑龙江","16/9/2002","3/12/2019","0"
"651","通威股份","600438","11","四川","2/3/2004","3/12/2019","0"
"652","好当家","600467","11","山东","5/4/2004","3/12/2019","0"
"653","香梨股份","600506","11","新疆","26/12/2001","3/12/2019","0"
"654","*ST新赛","600540","11",,"3/12/2019","3/12/2019","0"
"655","北大荒","600598","11","黑龙江","29/3/2002","3/12/2019","0"
"656","福成股份","600965","11","河北","13/7/2004","3/12/2019","0"
"657","新五丰","600975","11","湖南","9/6/2004","3/12/2019","0"
"658","丰林集团","601996","11","广西","29/9/2011","3/12/2019","0"
"659","禾丰牧业","603609","11","辽宁","8/8/2014","3/12/2019","0"
"660","康达尔","000048","11","深圳","1/11/1994","3/12/2019","0"
"661","农 产 品","000061","11","深圳","3/12/2019","3/12/2019","0"
"662","平潭发展","000592","11","福建","27/3/1996","3/12/2019","0"
"663","永安林业","000663","11","福建","6/12/1996","3/12/2019","0"
"664","正虹科技","000702","11","湖南","18/3/1997","3/12/2019","0"
"665","丰乐种业","000713","11","安徽","22/4/1997","3/12/2019","0"
"666","罗 牛 山","000735","11","海南","3/12/2019","3/12/2019","0"
"667","中水渔业","000798","11","北京","12/2/1998","3/12/2019","0"
"668","新 希 望","000876","11","四川","3/12/2019","3/12/2019","0"
"669","隆平高科","000998","11","湖南","11/12/2000","3/12/2019","0"
"670","登海种业","002041","11","山东","18/4/2005","3/12/2019","0"
"671","獐子岛","002069","11","辽宁","28/9/2006","3/12/2019","0"
"672","东方海洋","002086","11",,"3/12/2019","3/12/2019","0"
"673","天康生物","002100","11","新疆","26/12/2006","3/12/2019","0"
"674","天邦股份","002124","11","浙江","3/4/2007","3/12/2019","0"
"675","正邦科技","002157","11","江西","17/8/2007","3/12/2019","0"
"676","创新医疗","002173","11","浙江","25/9/2007","3/12/2019","0"
"677","民和股份","002234","11","山东","16/5/2008","3/12/2019","0"
"678","圣农发展","002299","11","福建","21/10/2009","3/12/2019","0"
"679","海大集团","002311","11","广东","27/11/2009","3/12/2019","0"
"680","华英农业","002321","11","河南","16/12/2009","3/12/2019","0"
"681","大北农","002385","11","北京","9/4/2010","3/12/2019","0"
"682","壹桥股份","002447","11",,"3/12/2019","3/12/2019","0"
"683","益生股份","002458","11","山东","10/8/2010","3/12/2019","0"
"684","雏鹰农牧","002477","11",,"3/12/2019","3/12/2019","0"
"685","大康农业","002505","11","湖南","18/11/2010","3/12/2019","0"
"686","金新农","002548","11","深圳","18/2/2011","3/12/2019","0"
"687","唐人神","002567","11","湖南","25/3/2011","3/12/2019","0"
"688","福建金森","002679","11","福建","5/6/2012","3/12/2019","0"
"689","百洋股份","002696","11","广西","5/9/2012","3/12/2019","0"
"690","牧原股份","002714","11","河南","28/1/2014","3/12/2019","0"
"691","仙坛股份","002746","11","山东","16/2/2015","3/12/2019","0"
"692","大禹节水","300021","11","甘肃","30/10/2009","3/12/2019","0"
"693","荃银高科","300087","11","安徽","26/5/2010","3/12/2019","0"
"694","国联水产","300094","11","广东","8/7/2010","3/12/2019","0"
"695","西部牧业","300106","11","新疆","20/8/2010","3/12/2019","0"
"696","星普医科","300143","11",,"3/12/2019","3/12/2019","0"
"697","大华农","300186","11",,"8/3/2011","2/11/2015","1"
"698","神农基因","300189","11",,"3/12/2019","3/12/2019","0"
"699","佳沃股份","300268","11","湖南","27/9/2011","3/12/2019","0"
"700","天山生物","300313","11","新疆","25/4/2012","3/12/2019","0"
"701","溢多利","300381","11","广东","28/1/2014","3/12/2019","0"
"702","四川路桥","600039","12","四川","25/3/2003","3/12/2019","0"
"703","葛洲坝","600068","12","湖北","26/5/1997","3/12/2019","0"
"704","上海建工","600170","12","上海","23/6/1998","3/12/2019","0"
"705","延长化建","600248","12","陕西","22/6/2000","3/12/2019","0"
"706","路桥建设","600263","12",,"25/7/2000","1/3/2012","1"
"707","浦东建设","600284","12","上海","16/3/2004","3/12/2019","0"
"708","正源股份","600321","12",,"3/12/2019","3/12/2019","0"
"709","西藏天路","600326","12","西藏","16/1/2001","3/12/2019","0"
"710","龙元建设","600491","12","浙江","24/5/2004","3/12/2019","0"
"711","安徽水利","600502","12",,"3/12/2019","3/12/2019","0"
"712","腾达建设","600512","12","浙江","26/12/2002","3/12/2019","0"
"713","中铁工业","600528","12","北京","28/5/2001","3/12/2019","0"
"714","卓郎智能","600545","12","新疆","3/12/2003","3/12/2019","0"
"715","富控互动","600634","12",,"3/12/2019","3/12/2019","0"
"716","百川能源","600681","12","湖北","18/10/1993","3/12/2019","0"
"717","隧道股份","600820","12","上海","28/1/1994","3/12/2019","0"
"718","龙建股份","600853","12","黑龙江","4/4/1994","3/12/2019","0"
"719","中材国际","600970","12","江苏","12/4/2005","3/12/2019","0"
"720","科达股份","600986","12","山东","26/4/2004","3/12/2019","0"
"721","中国化学","601117","12","北京","7/1/2010","3/12/2019","0"
"722","中国铁建","601186","12","北京","10/3/2008","3/12/2019","0"
"723","中国中铁","601390","12","北京","3/12/2007","3/12/2019","0"
"724","中国中冶","601618","12","北京","21/9/2009","3/12/2019","0"
"725","中国建筑","601668","12","北京","29/7/2009","3/12/2019","0"
"726","中国电建","601669","12","北京","18/10/2011","3/12/2019","0"
"727","宁波建工","601789","12","浙江","16/8/2011","3/12/2019","0"
"728","中国交建","601800","12","北京","9/3/2012","3/12/2019","0"
"729","江河集团","601886","12","北京","18/8/2011","3/12/2019","0"
"730","中衡设计","603017","12","江苏","31/12/2014","3/12/2019","0"
"731","中设集团","603018","12","江苏","13/10/2014","3/12/2019","0"
"732","全筑股份","603030","12","上海","20/3/2015","3/12/2019","0"
"733","柯利达","603828","12","江苏","26/2/2015","3/12/2019","0"
"734","银龙股份","603969","12","天津","27/2/2015","3/12/2019","0"
"735","美丽生态","000010","12",,"3/12/2019","3/12/2019","0"
"736","深天地Ａ","000023","12","深圳","3/12/2019","3/12/2019","0"
"737","方大集团","000055","12","深圳","15/4/1996","3/12/2019","0"
"738","北方国际","000065","12","北京","5/6/1998","3/12/2019","0"
"739","天健集团","000090","12","深圳","21/7/1999","3/12/2019","0"
"740","山东路桥","000498","12","山东","9/6/1997","3/12/2019","0"
"741","华塑控股","000509","12","四川","7/5/1993","3/12/2019","0"
"742","海螺型材","000619","12","安徽","23/10/1996","3/12/2019","0"
"743","北新建材","000786","12","北京","6/6/1997","3/12/2019","0"
"744","中钢国际","000928","12","吉林","12/3/1999","3/12/2019","0"
"745","中南建设","000961","12","江苏","1/3/2000","3/12/2019","0"
"746","兔 宝 宝","002043","12","浙江","3/12/2019","3/12/2019","0"
"747","宝鹰股份","002047","12","深圳","31/5/2005","3/12/2019","0"
"748","中工国际","002051","12","北京","19/6/2006","3/12/2019","0"
"749","粤 水 电","002060","12","广东","3/12/2019","3/12/2019","0"
"750","宏润建设","002062","12","浙江","16/8/2006","3/12/2019","0"
"751","瑞泰科技","002066","12","北京","23/8/2006","3/12/2019","0"
"752","金 螳 螂","002081","12","江苏","3/12/2019","3/12/2019","0"
"753","中国海诚","002116","12","上海","15/2/2007","3/12/2019","0"
"754","东南网架","002135","12","浙江","30/5/2007","3/12/2019","0"
"755","东华科技","002140","12","安徽","12/7/2007","3/12/2019","0"
"756","中航三鑫","002163","12","深圳","23/8/2007","3/12/2019","0"
"757","延华智能","002178","12","上海","1/11/2007","3/12/2019","0"
"758","国统股份","002205","12","新疆","23/1/2008","3/12/2019","0"
"759","濮耐股份","002225","12","河南","25/4/2008","3/12/2019","0"
"760","帝龙文化","002247","12",,"3/12/2019","3/12/2019","0"
"761","东方雨虹","002271","12","北京","10/9/2008","3/12/2019","0"
"762","北新路桥","002307","12","新疆","11/11/2009","3/12/2019","0"
"763","东方园林","002310","12","北京","27/11/2009","3/12/2019","0"
"764","南山控股","002314","12","深圳","3/12/2009","3/12/2019","0"
"765","洪涛股份","002325","12","深圳","22/12/2009","3/12/2019","0"
"766","伟星新材","002372","12","浙江","18/3/2010","3/12/2019","0"
"767","亚厦股份","002375","12","浙江","23/3/2010","3/12/2019","0"
"768","北京利尔","002392","12","北京","23/4/2010","3/12/2019","0"
"769","建研集团","002398","12",,"3/12/2019","3/12/2019","0"
"770","棕榈股份","002431","12","广东","10/6/2010","3/12/2019","0"
"771","申通快递","002468","12","浙江","8/9/2010","3/12/2019","0"
"772","三维工程","002469","12","山东","8/9/2010","3/12/2019","0"
"773","广田集团","002482","12","深圳","29/9/2010","3/12/2019","0"
"774","中化岩土","002542","12","北京","28/1/2011","3/12/2019","0"
"775","围海股份","002586","12",,"3/12/2019","3/12/2019","0"
"776","海南瑞泽","002596","12","海南","7/7/2011","3/12/2019","0"
"777","瑞和股份","002620","12","深圳","29/9/2011","3/12/2019","0"
"778","成都路桥","002628","12","四川","3/11/2011","3/12/2019","0"
"779","扬子新材","002652","12","江苏","19/1/2012","3/12/2019","0"
"780","中泰桥梁","002659","12",,"3/12/2019","3/12/2019","0"
"781","普邦股份","002663","12","广东","16/3/2012","3/12/2019","0"
"782","龙泉股份","002671","12","山东","26/4/2012","3/12/2019","0"
"783","东易日盛","002713","12","北京","19/2/2014","3/12/2019","0"
"784","岭南园林","002717","12",,"3/12/2019","3/12/2019","0"
"785","中矿资源","002738","12","北京","30/12/2014","3/12/2019","0"
"786","三圣股份","002742","12","重庆","17/2/2015","3/12/2019","0"
"787","易成新能","300080","12","河南","25/6/2010","3/12/2019","0"
"788","嘉寓股份","300117","12","北京","2/9/2010","3/12/2019","0"
"789","先锋新材","300163","12","浙江","13/1/2011","3/12/2019","0"
"790","苏交科","300284","12","江苏","10/1/2012","3/12/2019","0"
"791","太空板业","300344","12",,"3/12/2019","3/12/2019","0"
"792","恒通科技","300374","12","北京","19/3/2015","3/12/2019","0"
"793","金发科技","600143","13","广东","23/6/2004","3/12/2019","0"
"794","商赢环球","600146","13","宁夏","7/7/1999","3/12/2019","0"
"795","国机通用","600444","13","安徽","19/2/2004","3/12/2019","0"
"796","时代新材","600458","13","湖南","19/12/2002","3/12/2019","0"
"797","广东榕泰","600589","13","广东","12/6/2001","3/12/2019","0"
"798","福斯特","603806","13","浙江","5/9/2014","3/12/2019","0"
"799","胜利股份","000407","13","山东","3/7/1996","3/12/2019","0"
"800","国风塑业","000859","13","安徽","19/11/1998","3/12/2019","0"
"801","佛塑科技","000973","13","广东","25/5/2000","3/12/2019","0"
"802","鸿达兴业","002002","13","江苏","25/6/2004","3/12/2019","0"
"803","沧州明珠","002108","13","河北","24/1/2007","3/12/2019","0"
"804","通产丽星","002243","13","深圳","28/5/2008","3/12/2019","0"
"805","大 东 南","002263","13",,"3/12/2019","3/12/2019","0"
"806","普利特","002324","13","上海","18/12/2009","3/12/2019","0"
"807","慈文传媒","002343","13","浙江","26/1/2010","3/12/2019","0"
"808","毅昌股份","002420","13",,"3/12/2019","3/12/2019","0"
"809","青龙管业","002457","13","宁夏","3/8/2010","3/12/2019","0"
"810","众应互联","002464","13","江苏","31/8/2010","3/12/2019","0"
"811","浙江众成","002522","13","浙江","10/12/2010","3/12/2019","0"
"812","双星新材","002585","13","江苏","2/6/2011","3/12/2019","0"
"813","永高股份","002641","13","浙江","8/12/2011","3/12/2019","0"
"814","顺威股份","002676","13","广东","25/5/2012","3/12/2019","0"
"815","顾地科技","002694","13","湖北","16/8/2012","3/12/2019","0"
"816","王子新材","002735","13","深圳","3/12/2014","3/12/2019","0"
"817","天晟新材","300169","13","江苏","25/1/2011","3/12/2019","0"
"818","纳川股份","300198","13","福建","7/4/2011","3/12/2019","0"
"819","安利股份","300218","13","安徽","18/5/2011","3/12/2019","0"
"820","银禧科技","300221","13","广东","25/5/2011","3/12/2019","0"
"821","永利股份","300230","13","上海","15/6/2011","3/12/2019","0"
"822","裕兴股份","300305","13","江苏","29/3/2012","3/12/2019","0"
"823","同大股份","300321","13","山东","23/5/2012","3/12/2019","0"
"824","德威新材","300325","13","江苏","1/6/2012","3/12/2019","0"
"825","中来股份","300393","13","江苏","12/9/2014","3/12/2019","0"
"826","中国医药","600056","14","北京","15/5/1997","3/12/2019","0"
"827","宏图高科","600122","14","江苏","20/4/1998","3/12/2019","0"
"828","当代明诚","600136","14","湖北","3/3/1998","3/12/2019","0"
"829","中央商场","600280","14","江苏","26/9/2000","3/12/2019","0"
"830","商业城","600306","14","辽宁","26/12/2000","3/12/2019","0"
"831","大东方","600327","14","江苏","25/6/2002","3/12/2019","0"
"832","华联综超","600361","14","北京","29/11/2001","3/12/2019","0"
"833","小商品城","600415","14","浙江","9/5/2002","3/12/2019","0"
"834","国药股份","600511","14","北京","27/11/2002","3/12/2019","0"
"835","海航基础","600515","14","海南","6/8/2002","3/12/2019","0"
"836","新世界","600628","14","上海","19/1/1993","3/12/2019","0"
"837","百联股份","600631","14","上海","4/2/1994","23/8/2011","1"
"838","豫园股份","600655","14","上海","2/9/1992","3/12/2019","0"
"839","南京新百","600682","14","江苏","18/10/1993","3/12/2019","0"
"840","东百集团","600693","14","福建","22/11/1993","3/12/2019","0"
"841","大商股份","600694","14","辽宁","22/11/1993","3/12/2019","0"
"842","欧亚集团","600697","14","吉林","6/12/1993","3/12/2019","0"
"843","南宁百货","600712","14","广西","26/6/1996","3/12/2019","0"
"844","南京医药","600713","14","江苏","1/7/1996","3/12/2019","0"
"845","首商股份","600723","14","北京","16/7/1996","3/12/2019","0"
"846","重庆百货","600729","14","重庆","2/7/1996","3/12/2019","0"
"847","兰州民百","600738","14","甘肃","2/8/1996","3/12/2019","0"
"848","东方银星","600753","14","福建","27/9/1996","3/12/2019","0"
"849","汉商集团","600774","14","湖北","8/11/1996","3/12/2019","0"
"850","友好集团","600778","14","新疆","3/12/1996","3/12/2019","0"
"851","新华百货","600785","14","宁夏","8/1/1997","3/12/2019","0"
"852","轻纺城","600790","14","浙江","28/2/1997","3/12/2019","0"
"853","杭州解百","600814","14","浙江","14/1/1994","3/12/2019","0"
"854","津劝业","600821","14","天津","28/1/1994","3/12/2019","0"
"855","益民集团","600824","14","上海","4/2/1994","3/12/2019","0"
"856","百联股份","600827","14",,"3/12/2019","3/12/2019","0"
"857","茂业商业","600828","14","四川","24/2/1994","3/12/2019","0"
"858","第一医药","600833","14","上海","24/2/1994","3/12/2019","0"
"859","上海九百","600838","14","上海","24/2/1994","3/12/2019","0"
"860","中天能源","600856","14",,"3/12/2019","3/12/2019","0"
"861","宁波中百","600857","14","浙江","25/4/1994","3/12/2019","0"
"862","银座股份","600858","14","山东","6/5/1994","3/12/2019","0"
"863","王府井","600859","14","北京","6/5/1994","3/12/2019","0"
"864","北京城乡","600861","14","北京","20/5/1994","3/12/2019","0"
"865","百大集团","600865","14","浙江","9/8/1994","3/12/2019","0"
"866","秋林集团","600891","14",,"3/12/2019","3/12/2019","0"
"867","国美通讯","600898","14","山东","18/4/1996","3/12/2019","0"
"868","九州通","600998","14","湖北","2/11/2010","3/12/2019","0"
"869","文峰股份","601010","14","江苏","3/6/2011","3/12/2019","0"
"870","三江购物","601116","14","浙江","2/3/2011","3/12/2019","0"
"871","上海医药","601607","14","上海","24/3/1994","3/12/2019","0"
"872","永辉超市","601933","14","福建","15/12/2010","3/12/2019","0"
"873","翠微股份","603123","14","北京","3/5/2012","3/12/2019","0"
"874","柳州医药","603368","14",,"3/12/2019","3/12/2019","0"
"875","老百姓","603883","14","湖南","23/4/2015","3/12/2019","0"
"876","益丰药房","603939","14","湖南","17/2/2015","3/12/2019","0"
"877","飞亚达Ａ","000026","14","深圳","3/12/2019","3/12/2019","0"
"878","国药一致","000028","14","深圳","9/8/1993","3/12/2019","0"
"879","深圳华强","000062","14","深圳","30/1/1997","3/12/2019","0"
"880","藏格控股","000408","14","青海","28/6/1996","3/12/2019","0"
"881","英特集团","000411","14","浙江","16/7/1996","3/12/2019","0"
"882","民生控股","000416","14","山东","19/7/1996","3/12/2019","0"
"883","合肥百货","000417","14","安徽","12/8/1996","3/12/2019","0"
"884","通程控股","000419","14","湖南","16/8/1996","3/12/2019","0"
"885","鄂武商Ａ","000501","14","湖北","3/12/2019","3/12/2019","0"
"886","国际医学","000516","14","陕西","9/8/1993","3/12/2019","0"
"887","昆百大Ａ","000560","14",,"3/12/2019","3/12/2019","0"
"888","供销大集","000564","14","陕西","10/1/1994","3/12/2019","0"
"889","金洲慈航","000587","14","黑龙江","25/4/1996","3/12/2019","0"
"890","太阳能","000591","14","重庆","8/2/1996","3/12/2019","0"
"891","万方发展","000638","14","吉林","26/11/1996","3/12/2019","0"
"892","大连友谊","000679","14","辽宁","24/1/1997","3/12/2019","0"
"893","浙江震元","000705","14","浙江","10/4/1997","3/12/2019","0"
"894","中兴商业","000715","14","辽宁","8/5/1997","3/12/2019","0"
"895","中百集团","000759","14","湖北","19/5/1997","3/12/2019","0"
"896","武汉中商","000785","14","湖北","11/7/1997","3/12/2019","0"
"897","天音控股","000829","14","江西","2/12/1997","3/12/2019","0"
"898","华联股份","000882","14","北京","16/6/1998","3/12/2019","0"
"899","茂业通信","000889","14",,"3/12/2019","3/12/2019","0"
"900","浙商中拓","000906","14","浙江","7/7/1999","3/12/2019","0"
"901","越秀金控","000987","14","广东","18/7/2000","3/12/2019","0"
"902","苏宁云商","002024","14",,"3/12/2019","3/12/2019","0"
"903","广百股份","002187","14","广东","22/11/2007","3/12/2019","0"
"904","步 步 高","002251","14","湖南","3/12/2019","3/12/2019","0"
"905","新 华 都","002264","14","福建","3/12/2019","3/12/2019","0"
"906","友阿股份","002277","14","湖南","17/7/2009","3/12/2019","0"
"907","人人乐","002336","14",,"3/12/2019","3/12/2019","0"
"908","海宁皮城","002344","14","浙江","26/1/2010","3/12/2019","0"
"909","爱施德","002416","14","深圳","28/5/2010","3/12/2019","0"
"910","天虹股份","002419","14","深圳","1/6/2010","3/12/2019","0"
"911","众业达","002441","14","广东","6/7/2010","3/12/2019","0"
"912","嘉事堂","002462","14","北京","18/8/2010","3/12/2019","0"
"913","辉隆股份","002556","14","安徽","2/3/2011","3/12/2019","0"
"914","徐家汇","002561","14","上海","3/3/2011","3/12/2019","0"
"915","瑞康医药","002589","14","山东","10/6/2011","3/12/2019","0"
"916","红旗连锁","002697","14","四川","5/9/2012","3/12/2019","0"
"917","吉峰农机","300022","14",,"3/12/2019","3/12/2019","0"
"918","快乐购","300413","14",,"3/12/2019","3/12/2019","0"
"919","浙江富润","600070","15","浙江","4/6/1997","3/12/2019","0"
"920","维科精华","600152","15",,"3/12/2019","3/12/2019","0"
"921","华升股份","600156","15","湖南","27/5/1998","3/12/2019","0"
"922","江苏阳光","600220","15","江苏","27/9/1999","3/12/2019","0"
"923","金鹰股份","600232","15","浙江","2/6/2000","3/12/2019","0"
"924","三房巷","600370","15","江苏","6/3/2003","3/12/2019","0"
"925","华纺股份","600448","15","山东","3/9/2001","3/12/2019","0"
"926","凤竹纺织","600493","15","福建","21/4/2004","3/12/2019","0"
"927","申达股份","600626","15","上海","7/1/1993","3/12/2019","0"
"928","龙头股份","600630","15","上海","9/2/1993","3/12/2019","0"
"929","上海三毛","600689","15","上海","8/11/1993","3/12/2019","0"
"930","新华锦","600735","15","山东","26/7/1996","3/12/2019","0"
"931","海欣股份","600851","15","上海","4/4/1994","3/12/2019","0"
"932","航民股份","600987","15","浙江","9/8/2004","3/12/2019","0"
"933","百隆东方","601339","15","浙江","12/6/2012","3/12/2019","0"
"934","鹿港文化","601599","15","江苏","27/5/2011","3/12/2019","0"
"935","健盛集团","603558","15","浙江","27/1/2015","3/12/2019","0"
"936","新澳股份","603889","15","浙江","31/12/2014","3/12/2019","0"
"937","神州长城","000018","15",,"3/12/2019","3/12/2019","0"
"938","深纺织Ａ","000045","15","深圳","3/12/2019","3/12/2019","0"
"939","常山北明","000158","15","河北","24/7/2000","3/12/2019","0"
"940","天首发展","000611","15",,"3/12/2019","3/12/2019","0"
"941","鲁 泰Ａ","000726","15","山东","3/12/2019","3/12/2019","0"
"942","三毛派神","000779","15",,"3/12/2019","3/12/2019","0"
"943","*ST金宇","000803","15",,"3/12/2019","3/12/2019","0"
"944","德展健康","000813","15","新疆","19/5/1998","3/12/2019","0"
"945","华茂股份","000850","15","安徽","7/10/1998","3/12/2019","0"
"946","欣龙控股","000955","15","海南","9/12/1999","3/12/2019","0"
"947","高升控股","000971","15",,"3/12/2019","3/12/2019","0"
"948","*ST 中绒","000982","15","宁夏","3/12/2019","3/12/2019","0"
"949","旺能环境","002034","15","浙江","26/8/2004","3/12/2019","0"
"950","华孚时尚","002042","15","安徽","27/4/2005","3/12/2019","0"
"951","*ST众和","002070","15",,"3/12/2019","3/12/2019","0"
"952","凯瑞德","002072","15",,"3/12/2019","3/12/2019","0"
"953","孚日股份","002083","15","山东","24/11/2006","3/12/2019","0"
"954","新野纺织","002087","15","河南","30/11/2006","3/12/2019","0"
"955","南极电商","002127","15","江苏","18/4/2007","3/12/2019","0"
"956","宏达高科","002144","15","浙江","3/8/2007","3/12/2019","0"
"957","如意集团","002193","15","山东","7/12/2007","3/12/2019","0"
"958","联发股份","002394","15","江苏","23/4/2010","3/12/2019","0"
"959","嘉欣丝绸","002404","15","浙江","11/5/2010","3/12/2019","0"
"960","旷达科技","002516","15","江苏","7/12/2010","3/12/2019","0"
"961","万东医疗","600055","16","北京","19/5/1997","3/12/2019","0"
"962","广汇汽车","600297","16","辽宁","16/11/2000","3/12/2019","0"
"963","新华医疗","600587","16","山东","27/9/2002","3/12/2019","0"
"964","通策医疗","600763","16","浙江","30/10/1996","3/12/2019","0"
"965","维力医疗","603309","16","广东","2/3/2015","3/12/2019","0"
"966","宜华健康","000150","16","广东","7/8/2000","3/12/2019","0"
"967","鱼跃医疗","002223","16","江苏","18/4/2008","3/12/2019","0"
"968","蓝帆医疗","002382","16","山东","2/4/2010","3/12/2019","0"
"969","九安医疗","002432","16","天津","10/6/2010","3/12/2019","0"
"970","尚荣医疗","002551","16","深圳","25/2/2011","3/12/2019","0"
"971","奥佳华","002614","16","福建","9/9/2011","3/12/2019","0"
"972","乐普医疗","300003","16","北京","30/10/2009","3/12/2019","0"
"973","爱尔眼科","300015","16","湖南","30/10/2009","3/12/2019","0"
"974","阳普医疗","300030","16","广东","25/12/2009","3/12/2019","0"
"975","康旗股份","300061","16","上海","19/3/2010","3/12/2019","0"
"976","东富龙","300171","16","上海","1/2/2011","3/12/2019","0"
"977","理邦仪器","300206","16","深圳","21/4/2011","3/12/2019","0"
"978","千山药机","300216","16","湖南","11/5/2011","3/12/2019","0"
"979","冠昊生物","300238","16","广东","6/7/2011","3/12/2019","0"
"980","迪安诊断","300244","16","浙江","19/7/2011","3/12/2019","0"
"981","宝莱特","300246","16","广东","19/7/2011","3/12/2019","0"
"982","乐金健康","300247","16",,"3/12/2019","3/12/2019","0"
"983","和佳股份","300273","16","广东","26/10/2011","3/12/2019","0"
"984","三诺生物","300298","16","湖南","19/3/2012","3/12/2019","0"
"985","戴维医疗","300314","16","浙江","8/5/2012","3/12/2019","0"
"986","博晖创新","300318","16","北京","23/5/2012","3/12/2019","0"
"987","凯利泰","300326","16","上海","13/6/2012","3/12/2019","0"
"988","泰格医药","300347","16","浙江","17/8/2012","3/12/2019","0"
"989","迪瑞医疗","300396","16","吉林","10/9/2014","3/12/2019","0"
"990","博济医药","300404","16","广东","24/4/2015","3/12/2019","0"
"991","迦南科技","300412","16","浙江","31/12/2014","3/12/2019","0"
"992","北方稀土","600111","17","内蒙","24/9/1997","3/12/2019","0"
"993","西部资源","600139","17","四川","25/2/1998","3/12/2019","0"
"994","S山东铝","600205","17",,"30/6/1999","30/4/2007","1"
"995","南山铝业","600219","17","山东","23/12/1999","3/12/2019","0"
"996","梦舟股份","600255","17","安徽","22/11/2000","3/12/2019","0"
"997","广晟有色","600259","17","海南","25/5/2000","3/12/2019","0"
"998","S兰铝","600296","17",,"19/7/2000","30/4/2007","1"
"999","荣华实业","600311","17","甘肃","26/6/2001","3/12/2019","0"
"1000","宏达股份","600331","17","四川","20/12/2001","3/12/2019","0"
